{
	"info": {
		"_postman_id": "c187d73f-3056-a152-39d5-9bc53812d462",
		"name": "myPost",
		"schema": "https://schema.getpostman.com/json/collection/v2.1.0/collection.json"
	},
	"item": [
		{
			"name": "http://localhost:8080/composer",
			"request": {
				"method": "POST",
				"header": [
					{
						"key": "composer",
						"value": ""
					},
					{
						"key": "Content-Type",
						"value": "application/json"
					}
				],
				"body": {
					"mode": "raw",
					"raw": "{\n\t\"composer_id\":1,\n\t\"composer_name\":\"varsha\",\n\t\"composer_caeipino\":\"var\",\n\t\"composer_msid\":\"true\"\n}"
				},
				"url": {
					"raw": "http://localhost:8080/composer",
					"protocol": "http",
					"host": [
						"localhost"
					],
					"port": "8080",
					"path": [
						"composer"
					]
				}
			},
			"response": []
		},
		{
			"name": "http://localhost:8080/composer",
			"protocolProfileBehavior": {
				"disableBodyPruning": true
			},
			"request": {
				"method": "GET",
				"header": [
					{
						"key": "Content-Type",
						"name": "Content-Type",
						"value": "application/json",
						"type": "text"
					}
				],
				"body": {
					"mode": "raw",
					"raw": "{\n\t\"composer_id\":\"123\",\n\t\"composer_name\":\"varsha\",\n\t\"composer_dob\":\"22-07-1996\",\n\t\"composer_died\":\"24-04-2019\",\n\t\"composer_caeipino\":23232,\n\t\"composer_msid\":\"pass\",\n\t\"created_by\":5,\n\t\"created_on\":\"today\",\n\t\"updated_by\":2,\n\t\"deletedflag\":true\n}"
				},
				"url": {
					"raw": "http://localhost:8080/composer",
					"protocol": "http",
					"host": [
						"localhost"
					],
					"port": "8080",
					"path": [
						"composer"
					]
				}
			},
			"response": []
		},
		{
			"name": "http://localhost:8080/artist",
			"protocolProfileBehavior": {
				"disableBodyPruning": true
			},
			"request": {
				"method": "GET",
				"header": [
					{
						"key": "Content-Type",
						"name": "Content-Type",
						"value": "application/json",
						"type": "text"
					}
				],
				"body": {
					"mode": "raw",
					"raw": "{\n\t\"artist_id\":\"123\",\n\t\"artist_name\":\"varsha\",\n\t\"type\":\"zazz\",\n\t\"artist_dob\":\"24-04-2019\",\n\t\"artist_dod\":\"tomorow\",\n\t\"created_by\":2,\n\t\"created_on\":\"today\",\n\t\"updated_by\":2,\n\t\"updated_on\":\"19-04-2019\",\n\t\"deletedflag\":true\n}"
				},
				"url": {
					"raw": "http://localhost:8080/user",
					"protocol": "http",
					"host": [
						"localhost"
					],
					"port": "8080",
					"path": [
						"user"
					]
				}
			},
			"response": []
		},
		{
			"name": "http://localhost:8080/user",
			"request": {
				"method": "POST",
				"header": [
					{
						"key": "Content-Type",
						"name": "Content-Type",
						"value": "application/json",
						"type": "text"
					}
				],
				"body": {
					"mode": "raw",
					"raw": "{\n\"user_id\":11,\n\"user_password\":\"varson\",\n\"created_by\":2,\n\"created_on\":\"22-2-22\",\n\"updated_by\":5,\n\"updated_on\":\"3-04-2019\"\n\n\n}\n"
				},
				"url": {
					"raw": "http://localhost:8080/user",
					"protocol": "http",
					"host": [
						"localhost"
					],
					"port": "8080",
					"path": [
						"user"
					]
				}
			},
			"response": [
				{
					"name": "http://localhost:8080/user",
					"originalRequest": {
						"method": "GET",
						"header": [
							{
								"key": "Content-Type",
								"name": "Content-Type",
								"value": "application/json",
								"type": "text"
							}
						],
						"body": {
							"mode": "raw",
							"raw": "{\n\"artist_id\":1,\n\"song_id\":2,\n\"Created_By\":2,\n\"Created_On\":\"22-2-22\",\n\"Updated_By\":5,\n\"Updated_on\":\"2day\"\n\n\n}\n"
						},
						"url": {
							"raw": "http://localhost:8080/artistsong",
							"protocol": "http",
							"host": [
								"localhost"
							],
							"port": "8080",
							"path": [
								"artistsong"
							]
						}
					},
					"status": "OK",
					"code": 200,
					"_postman_previewlanguage": "json",
					"header": [
						{
							"key": "Content-Type",
							"value": "application/json;charset=UTF-8"
						},
						{
							"key": "Transfer-Encoding",
							"value": "chunked"
						},
						{
							"key": "Date",
							"value": "Wed, 24 Apr 2019 04:26:37 GMT"
						}
					],
					"cookie": [],
					"body": "[]"
				}
			]
		},
		{
			"name": "http://localhost:8080/artistsong",
			"request": {
				"method": "POST",
				"header": [
					{
						"key": "Content-Type",
						"name": "Content-Type",
						"value": "application/json",
						"type": "text"
					}
				],
				"body": {
					"mode": "raw",
					"raw": "{\n\"artist_id\":1,\n\"song_id\":2,\n\"Created_By\":2,\n\"Created_On\":\"22-2-22\",\n\"Updated_By\":5,\n\"Updated_on\":\"2day\"\n\n\n}\n"
				},
				"url": {
					"raw": "http://localhost:8080/artistsong",
					"protocol": "http",
					"host": [
						"localhost"
					],
					"port": "8080",
					"path": [
						"artistsong"
					]
				}
			},
			"response": [
				{
					"name": "http://localhost:8080/user",
					"originalRequest": {
						"method": "GET",
						"header": [
							{
								"key": "Content-Type",
								"name": "Content-Type",
								"value": "application/json",
								"type": "text"
							}
						],
						"body": {
							"mode": "raw",
							"raw": "{\n\"artist_id\":1,\n\"song_id\":2,\n\"Created_By\":2,\n\"Created_On\":\"22-2-22\",\n\"Updated_By\":5,\n\"Updated_on\":\"2day\"\n\n\n}\n"
						},
						"url": {
							"raw": "http://localhost:8080/artistsong",
							"protocol": "http",
							"host": [
								"localhost"
							],
							"port": "8080",
							"path": [
								"artistsong"
							]
						}
					},
					"status": "OK",
					"code": 200,
					"_postman_previewlanguage": "json",
					"header": [
						{
							"key": "Content-Type",
							"value": "application/json;charset=UTF-8"
						},
						{
							"key": "Transfer-Encoding",
							"value": "chunked"
						},
						{
							"key": "Date",
							"value": "Wed, 24 Apr 2019 04:26:37 GMT"
						}
					],
					"cookie": [],
					"body": "[]"
				}
			]
		}
	]
}